{"count":1,"self":12.5522312,"total":19.867893499999997,"children":{"AgentSendState":{"count":5534,"self":0.3038885,"total":0.53236379999999994,"children":{"CollectObservations":{"count":3321,"self":0.053839899999999996,"total":0.053839899999999996,"children":null},"CollectDiscreteActionMasks":{"count":3321,"self":0.025820299999999997,"total":0.025820299999999997,"children":null},"AgentInfo.ToProto":{"count":3321,"self":0.0917848,"total":0.1488151,"children":{"GenerateSensorData":{"count":3321,"self":0.0570303,"total":0.0570303,"children":null}}}}},"DecideAction":{"count":5534,"self":6.6368095999999994,"total":6.6368098,"children":null},"AgentAct":{"count":5534,"self":0.1405262,"total":0.1454905,"children":{"AgentInfo.ToProto":{"count":147,"self":0.0029671999999999997,"total":0.0049643,"children":{"GenerateSensorData":{"count":147,"self":0.0019971,"total":0.0019971,"children":null}}}}}},"gauges":{"3DBall.CumulativeReward":{"count":147,"max":4.399997,"min":1.1920929E-07,"runningAverage":1.21904719,"value":0.100000165,"weightedAverage":0.836401}},"metadata":{"timer_format_version":"0.1.0","start_time_seconds":"1596445825","unity_version":"2018.4.25f1","command_line_arguments":"C:\\Program Files\\Unity\\Hub\\Editor\\2018.4.25f1\\Editor\\Unity.exe -projectpath C:\/Users\/netef\/Documents\/GitHub\/TomAndYotam -useHub -hubIPC -cloudEnvironment production -hubSessionId ae9cfc60-d24d-11ea-b4eb-c50080410a52 -accessToken _L066GX8Hv5yssZ4e125PDDCNjFxR3n3IqWM4L_zArU011f","communication_protocol_version":"1.0.0","com.unity.ml-agents_version":"1.0.3","scene_name":"ML_Agents_Scene","end_time_seconds":"1596445845"}}